ID,description,validFrom,validTo
2026,2026,2026-01-01,2026-12-31
20261,Quarter 1 - 2026,2026-01-01,2026-03-31
20262,Quarter 2 - 2026,2026-04-01,2026-06-30
20263,Quarter 3 - 2026,2026-07-01,2026-09-30
20264,Quarter 4 - 2026,2026-10-01,2026-12-31
2026001,January 2026,2026-01-01,2026-01-31
2026002,February 2026,2026-02-01,2026-02-28
2026003,March 2026,2026-03-01,2026-03-31
2026004,April 2026,2026-04-01,2026-04-30
2026005,May 2026,2026-05-01,2026-05-31
2026006,June 2026,2026-06-01,2026-06-30
2026007,July 2026,2026-07-01,2026-07-31
2026008,August 2026,2026-08-01,2026-08-31
2026009,September 2026,2026-09-01,2026-09-30
2026010,October 2026,2026-10-01,2026-10-31
2026011,November 2026,2026-11-01,2026-11-30
2026012,December 2026,2026-12-01,2026-12-31
